transform,strength,inv_c0,inv_energy0,inv_c1,inv_energy1,inv_c2,inv_energy2,inv_c3,inv_energy3,inv_c4,inv_energy4,inv_c5,inv_energy5,inv_c6,inv_energy6,inv_c7,inv_energy7,inv_c8,inv_energy8,inv_c9,inv_energy9,inv_c10,inv_energy10,inv_higher_order_energy,inv_weighted_higher_order_energy,inv_residual_degree1,inv_residual_degree2,inv_residual_degree3,inv_residual_degree5,inv_residual_degree8,inv_residual_degree10
cubic,0.1302579,3.7322688382892994e-18,1.3929830681265357e-35,0.9746794312835751,0.9499999937672735,-3.3608718477131985e-17,1.1295459576751129e-33,-0.16001038286427435,0.025603322624371663,-2.0342764993846145e-17,4.138280875948522e-34,0.08229950924221016,0.006773209221508636,-7.50981798756532e-18,5.639736620635964e-35,-0.0553804450194475,0.0030669936905520475,-2.476987876296291e-17,6.13546893931881e-34,0.04191217449453909,0.0017566303708606928,8.99493262061235e-18,8.090881284935617e-35,0.05000000623272649,0.14795464315226875,0.05000000623272649,0.05000000623272649,0.024396683608354786,0.017623474386846194,0.014556480696294116,0.012799850325433404
cubic,0.2299656,3.7322688382892994e-18,1.3929830681265357e-35,0.9486833915110922,0.9000001773289882,2.7085611735339056e-17,7.3363036307753675e-34,-0.19243810341215656,0.03703242364486786,5.2194130478277014e-18,2.7242272563834053e-35,0.10757010534677132,0.011571327564315479,4.618693098274828e-19,2.1332325936051533e-37,-0.07571379799354437,0.005732579206607243,1.0803232394359669e-17,1.1670983016654214e-34,0.058975183138048164,0.0034780722261663205,-5.813249540287457e-18,3.379387021765233e-35,0.09999982267101182,0.2403846132379286,0.09999982267101182,0.09999982267101182,0.0629673990261439,0.05139607146182845,0.04566349225522115,0.04218542002905479
cubic,0.3532381,3.7322688382892994e-18,1.3929830681265357e-35,0.9219544411282806,0.8499999915161602,4.55189357745728e-18,2.0719735140496832e-35,-0.20930172785835374,0.04380721328449237,8.071616346999774e-18,6.515099045315398e-35,0.12146243258096592,0.014753122528485691,2.0897938745274008e-19,4.3672384380122456e-38,-0.08717384981896245,0.00759928009225902,1.108455146358447e-17,1.2286728114885263e-34,0.06874207439626905,0.004725472792302188,-7.957896308913512e-18,6.33281136634193e-35,0.15000000848383976,0.3009114682724384,0.15000000848383976,0.15000000848383976,0.10619279519934743,0.09143967267086173,0.08384039257860276,0.07911491978630059
cubic,0.5265986,3.7322688382892994e-18,1.3929830681265357e-35,0.89442719526244,0.8000000076250349,-1.6720082594078927e-17,2.795611619528211e-34,-0.2186446038649254,0.04780546279925015,3.05722131129338e-17,9.346602146226412e-34,0.12976024648612564,0.01683772156814008,7.194081522673961e-18,5.175480895487889e-35,-0.09420210115673969,0.008874035862344616,2.448871125567011e-19,5.996969789635838e-38,0.07482004369647237,0.005598038938742034,-9.159649868783242e-18,8.389918571870087e-35,0.19999999237496513,0.3401055977235415,0.19999999237496513,0.19999999237496513,0.152194529575715,0.13535680800757488,0.1264827721452303,0.12088473320648829
cubic,1.3483315,3.7322688382892994e-18,1.3929830681265357e-35,0.8366600256984893,0.6999999986017967,-1.494114606220259e-17,2.232378456520719e-34,-0.22400079610566065,0.050176356655969756,-1.4309818321453277e-17,2.047709003929999e-34,0.13637424907198784,0.018597935809948576,4.362701876004177e-18,1.9033167658890367e-35,-0.10028578598592472,0.010057238870814694,8.737034677258583e-18,7.633577495161899e-35,0.08029468558864687,0.006447236533779655,2.045663760267658e-17,4.184740220072415e-34,0.30000000139820326,0.3719445499173719,0.30000000139820326,0.30000000139820326,0.2498236447422335,0.2312257089322849,0.22116847006147022,0.21472123352769057
quintic,0.0098076,3.7322688382892994e-18,1.3929830681265357e-35,0.9746795227373146,0.9500001720434395,1.4100474924363204e-17,1.988233930925955e-34,-0.10187404374987531,0.010378320789951509,-6.1949232939476366e-18,3.8377074617895034e-35,0.048827795514644855,0.0023841536148199722,-2.1776881700508442e-18,4.742325765979395e-36,-0.03116223738556472,0.0009710850388742876,-2.0127996992521297e-19,4.0513626293094636e-38,0.022485464419400154,0.0005055961101561103,2.7336070050907435e-18,7.472607258281184e-36,0.04999982795656055,0.05440369070747939,0.04999982795656055,0.04999982795656055,0.03962150716660906,0.03723735355178914,0.03626626851291481,0.03576067240275871
quintic,0.0152675,3.7322688382892994e-18,1.3929830681265357e-35,0.9486834877485796,0.9000003599268094,-1.813776748593042e-18,3.289786093736747e-36,-0.11890205118987889,0.014137697777160578,5.792866236315677e-18,3.355729923184616e-35,0.05891144280880314,0.003470558093814883,1.9768276465601963e-18,3.9078475442047245e-36,-0.03797897675083839,0.001442402675040723,-1.6888084193204707e-18,2.852073877167707e-36,0.027527238302817687,0.0007577488485801131,1.0070272111890246e-18,1.0141038040751445e-36,0.09999964007319062,0.07668244216306223,0.09999964007319062,0.09999964007319062,0.08586194229603006,0.08239138420221515,0.08094898152717445,0.08019123267859429
quintic,0.0204604,3.7322688382892994e-18,1.3929830681265357e-35,0.9219544936113104,0.8500000882900879,1.6096696759590243e-17,2.5910364657020303e-34,-0.1302882879509853,0.01697503797719886,-9.689234264890088e-18,9.388126063992017e-35,0.06546445671719588,0.004285595093277612,-7.471687853526868e-18,5.582611938054093e-35,-0.04238470279827748,0.001796463031298311,-6.341991639185828e-19,4.0220857951502945e-37,0.030778965210825262,0.0009473446994491917,-5.0239684499904714e-18,2.524025898649966e-35,0.14999991170991211,0.09345443291211553,0.14999991170991211,0.14999991170991211,0.1330248737327132,0.12873927863943557,0.12694281560813725,0.125995470908688
quintic,0.0258628,3.7322688382892994e-18,1.3929830681265357e-35,0.8944269985322898,0.7999996557034807,-5.893654596962821e-18,3.473516450830099e-35,-0.13833103630987012,0.019135475606562605,-3.0234070920038283e-18,9.140990443979045e-36,0.07011281329285754,0.004915806587839101,-4.23614937841089e-18,1.794496155621097e-35,-0.045514978320155754,0.0020716132514842483,5.807627609569011e-19,3.3728538451428263e-37,0.033091111358710824,0.0010950216509546006,-5.493339582720782e-19,3.017677977108693e-37,0.20000034429651925,0.10634194737786447,0.20000034429651925,0.20000034429651925,0.18086486868995666,0.17594906210211758,0.17387744885063328,0.17278242719967862
quintic,0.038476,3.7322688382892994e-18,1.3929830681265357e-35,0.8366748732586158,0.7000248435423208,-1.124002484838984e-17,1.2633815859242104e-34,-0.14759300340433043,0.021783694653910696,-3.4403836141469885e-19,1.1836239412491094e-37,0.07566144090010923,0.005724653639080722,-4.653744383077226e-18,2.165733678302283e-35,-0.04928730171372706,0.0024292381102199627,-7.999191743652273e-20,6.398706855171468e-39,0.035888933120873025,0.0012880155205544969,7.520033687029004e-19,5.655090665405103e-37,0.29997515645767925,0.12257115861366591,0.29997515645767925,0.29997515645767925,0.2781914618037685,0.2724668081646878,0.2700375700544678,0.26874955453391336
exp,0.3189425,3.7322688382892994e-18,1.3929830681265357e-35,0.9746794405900859,0.9500000119090029,0.2088252015057807,0.04360796478392992,0.07124226337173284,0.005075460090327347,0.030800024174569725,0.0009486414891540795,0.015497863509477003,0.00024018377335837884,0.008688048635511005,7.548218909300463e-05,0.005285385032923632,2.793529494625314e-05,0.003428964372601769,1.1757796668572243e-05,0.002343311963074919,5.491110956290031e-06,0.0016715481077771218,2.7940730766132762e-06,0.04999998809099715,0.10825765796415321,0.04999998809099715,0.006392023307067229,0.0013165632167398966,0.00012773795422749146,1.2562673519567191e-05,4.277489486725905e-06
exp,0.4551335,3.7322688382892994e-18,1.3929830681265357e-35,0.9486832980804426,0.9000000000567859,0.2747826005958211,0.07550547759020254,0.12352190223343855,0.015257660331367152,0.06867532613627914,0.004716300419924304,0.04343041356829944,0.0018862008227135284,0.029944950695915594,0.0008967000721808159,0.0219548740481057,0.00048201649446818513,0.01684215075877191,0.00028365804218120124,0.013369341267762609,0.00017873928593390033,0.010895045406072477,0.00011870201440038098,0.09999999994321407,0.23889939591699214,0.09999999994321407,0.024494522353011527,0.00923686202164442,0.0026343607790065837,0.0009719861701763532,0.0006745448698420864
exp,0.5627497,3.7322688382892994e-18,1.3929830681265357e-35,0.9219544552730922,0.8500000175979041,0.31184422441628196,0.09724682030179242,0.159477620389279,0.025433111405026982,0.09850398574528953,0.009703035207708202,0.06774134722739444,0.004588890124182421,0.04982899402308965,0.002482928645353104,0.03831894120821884,0.001468341255318932,0.03037420130756585,0.0009225921050725351,0.024589703977730887,0.0006046535417124342,0.020205101444556877,0.0004082461243848344,0.1499999824020959,0.3746306068896024,0.1499999824020959,0.05275316210030345,0.027320050695276432,0.013028125363385823,0.008154263357641245,0.007141363691543945
exp,0.6563857,3.7322688382892994e-18,1.3929830681265357e-35,0.8944271964199222,0.800000009695602,0.3321313146452706,0.11031121016799576,0.18157137115,0.03296816282129105,0.11715738796358091,0.013725853554449014,0.08253015929986993,0.006811227194061907,0.06116916653454184,0.003741666934530513,0.04675673403293845,0.0021861921774269447,0.0364331011941275,0.0013273708626215348,0.02873592574204932,0.0008257534282525728,0.02284156565947298,0.0005217371217760154,0.19999999030439797,0.4695079248101475,0.19999999030439797,0.08968878013640225,0.056720617315111244,0.03618353656660034,0.02892830659202117,0.027580816041992584
exp,0.8218707,3.7322688382892994e-18,1.3929830681265357e-35,0.8366600603478812,0.7000000565813203,0.34050020753441057,0.11594039133097667,0.19317598719570908,0.03731696202903676,0.12387111735172757,0.015344053713965463,0.08388427796591344,0.007036572089862631,0.05830754814457394,0.0033997701706318076,0.041054907927032605,0.0016855054648971246,0.029094487556816758,0.0008464892061937652,0.020685842666056106,0.00042790408680482716,0.014731739327993815,0.00021702414362795967,0.29999994341867975,0.4853811951993825,0.29999994341867975,0.18405955208770308,0.1467425900586663,0.12436196425483825,0.1184301994131155,0.11778527118268267
quad,0.165928,3.7322688382892994e-18,1.3929830681265357e-35,0.9746794536460599,0.9500000373597818,0.20265884044122034,0.04107060560898001,0.07932541523760783,0.0062925215026189045,0.04010344399842169,0.0016082862205345446,0.023433183672247768,0.0005491140970172993,0.015048179971022015,0.0002264477204402681,0.01033091342091764,0.00010672777211049621,0.0074547906691588865,5.5573903920978397e-05,0.005591289627571044,3.1262519699383544e-05,0.004324936977104894,1.870507985592922e-05,0.04999996264021822,0.11321627652767806,0.04999996264021822,0.008929357031238205,0.0026368355286192635,0.0004794352110674138,9.068581459570346e-05,4.071821504036954e-05
quad,0.2476384,3.7322688382892994e-18,1.3929830681265357e-35,0.9486832948526808,0.8999999939325385,0.26220294422033447,0.06875038395781183,0.12902033533082213,0.01664624692887779,0.07891071007035103,0.006226900163806999,0.05424289609194787,0.0029422917764418536,0.04011559854632634,0.00160926124673002,0.031191342285149727,0.0009728998335493694,0.025151405119153515,0.0006325931794677817,0.0208487889433685,0.00043467200040512465,0.017660120682125274,0.0003118798625072289,0.10000000606746151,0.25561602661938065,0.10000000606746151,0.031249622109649655,0.014603375180771816,0.005434183240522916,0.0022194289807759837,0.0014728771178635913
quad,0.322379,3.7322688382892994e-18,1.3929830681265357e-35,0.9219544626202194,0.8500000311453375,0.29589004481701886,0.08755091862181744,0.16218343837790727,0.026303467684080446,0.10783373405600162,0.011628114200460483,0.07930790706838833,0.00628974412356812,0.062057516109255265,0.0038511353056504766,0.05063503870464462,0.002563907144620859,0.04257786116722348,0.0018128742615753572,0.03662320216507387,0.0013412589368238716,0.03206193075575873,0.0010279674037870674,0.1499999688546625,0.409881578123696,0.1499999688546625,0.06244905023284508,0.036145582548764654,0.018227724224736064,0.009999807512889314,0.007630581172278328
quad,0.3994894,3.7322688382892994e-18,1.3929830681265357e-35,0.8944271968716792,0.8000000105037295,0.3166810833100624,0.10028690852643468,0.18533386053732867,0.03434863986166999,0.12935315447735476,0.016732238573242405,0.09883968419785745,0.009769283172332192,0.07980079818535639,0.0063681673910199795,0.0668529098474922,0.00446931155507692,0.05750313029910121,0.0033066099941954116,0.05044481581753391,0.0025446794428649194,0.04492851335605062,0.0020185713123848192,0.1999999894962705,0.558430000087364,0.1999999894962705,0.09971308096983589,0.06536444110816586,0.03886291936259134,0.024718830422298943,0.020155579667049173
quad,0.5912237,3.7322688382892994e-18,1.3929830681265357e-35,0.8366600167518081,0.6999999836311358,0.3393000965228326,0.11512455550040353,0.2161115983062758,0.046704222922493106,0.16010354892649556,0.025633146378858756,0.12760220576979295,0.016282322917316582,0.1055920934732841,0.011149690204070768,0.08847560168144411,0.007827932092893557,0.07289521943958935,0.005313713017145885,0.05602753094154157,0.0031390842234053982,0.03528391342507769,0.0012449545465883776,0.3000000163688642,0.7592106533586831,0.3000000163688642,0.18487546086846063,0.13817123794596753,0.09625576864979224,0.07196443333568192,0.0675803945656882
